{
  "project_info": {
    "project_number": "898127333529",
    "project_id": "my-mall-1cc26",
    "storage_bucket": "my-mall-1cc26.appspot.com"
  },
  "client": [
    {
      "client_info": {
        "mobilesdk_app_id": "1:898127333529:android:c9e0e6f619c05deb5e9008",
        "android_client_info": {
          "package_name": "com.example.mymall"
        }
      },
      "oauth_client": [
        {
          "client_id": "898127333529-3o5mh48m5j3609ftunp1pkns5f2qqr7c.apps.googleusercontent.com",
          "client_type": 3
        }
      ],
      "api_key": [
        {
          "current_key": "AIzaSyANFu_6dU7PFSJOSjKRZb3zpsM23osIuhQ"
        }
      ],
      "services": {
        "appinvite_service": {
          "other_platform_oauth_client": [
            {
              "client_id": "898127333529-3o5mh48m5j3609ftunp1pkns5f2qqr7c.apps.googleusercontent.com",
              "client_type": 3
            }
          ]
        }
      }
    }
  ],
  "configuration_version": "1"
}